,allele_string,clin_sig,end,ensembl_main_key,id,phenotype_or_disease,seq_region_name,somatic,start,strand
0,HGMD_MUTATION,,41276113,0,CM021503,1,17,,41276113,1
1,T/C,pathogenic,41276113,0,rs80357287,1,17,,41276113,1
2,T/C,,41276113,0,COSM1325052,1,17,1.0,41276113,1
3,HGMD_MUTATION,,41276113,1,CM021503,1,17,,41276113,1
4,T/C,pathogenic,41276113,1,rs80357287,1,17,,41276113,1
5,T/C,,41276113,1,COSM1325052,1,17,1.0,41276113,1
6,HGMD_MUTATION,,41276113,2,CM021503,1,17,,41276113,1
7,T/C,pathogenic,41276113,2,rs80357287,1,17,,41276113,1
8,T/C,,41276113,2,COSM1325052,1,17,1.0,41276113,1
9,HGMD_MUTATION,,41276113,3,CM021503,1,17,,41276113,1
10,T/C,pathogenic,41276113,3,rs80357287,1,17,,41276113,1
11,T/C,,41276113,3,COSM1325052,1,17,1.0,41276113,1
12,HGMD_MUTATION,,41276113,4,CM021503,1,17,,41276113,1
13,T/C,pathogenic,41276113,4,rs80357287,1,17,,41276113,1
14,T/C,,41276113,4,COSM1325052,1,17,1.0,41276113,1
15,HGMD_MUTATION,,41276113,5,CM021503,1,17,,41276113,1
16,T/C,pathogenic,41276113,5,rs80357287,1,17,,41276113,1
17,T/C,,41276113,5,COSM1325052,1,17,1.0,41276113,1
18,HGMD_MUTATION,,41276113,6,CM021503,1,17,,41276113,1
19,T/C,pathogenic,41276113,6,rs80357287,1,17,,41276113,1
20,T/C,,41276113,6,COSM1325052,1,17,1.0,41276113,1
21,HGMD_MUTATION,,41276113,7,CM021503,1,17,,41276113,1
22,T/C,pathogenic,41276113,7,rs80357287,1,17,,41276113,1
23,T/C,,41276113,7,COSM1325052,1,17,1.0,41276113,1
24,HGMD_MUTATION,,41276113,8,CM021503,1,17,,41276113,1
25,T/C,pathogenic,41276113,8,rs80357287,1,17,,41276113,1
26,T/C,,41276113,8,COSM1325052,1,17,1.0,41276113,1
27,HGMD_MUTATION,,41276112,9,CM041678,1,17,,41276112,1
28,A/C/G,"not_provided,pathogenic",41276112,9,rs80357111,1,17,,41276112,1
29,HGMD_MUTATION,,41276112,9,CM014520,1,17,,41276112,1
30,HGMD_MUTATION,,41276112,10,CM041678,1,17,,41276112,1
31,A/C/G,"not_provided,pathogenic",41276112,10,rs80357111,1,17,,41276112,1
32,HGMD_MUTATION,,41276112,10,CM014520,1,17,,41276112,1
33,HGMD_MUTATION,,41276112,11,CM041678,1,17,,41276112,1
34,A/C/G,"not_provided,pathogenic",41276112,11,rs80357111,1,17,,41276112,1
35,HGMD_MUTATION,,41276112,11,CM014520,1,17,,41276112,1
36,HGMD_MUTATION,,41276112,12,CM041678,1,17,,41276112,1
37,A/C/G,"not_provided,pathogenic",41276112,12,rs80357111,1,17,,41276112,1
38,HGMD_MUTATION,,41276112,12,CM014520,1,17,,41276112,1
39,HGMD_MUTATION,,41276112,13,CM041678,1,17,,41276112,1
40,A/C/G,"not_provided,pathogenic",41276112,13,rs80357111,1,17,,41276112,1
41,HGMD_MUTATION,,41276112,13,CM014520,1,17,,41276112,1
42,HGMD_MUTATION,,41276112,14,CM041678,1,17,,41276112,1
43,A/C/G,"not_provided,pathogenic",41276112,14,rs80357111,1,17,,41276112,1
44,HGMD_MUTATION,,41276112,14,CM014520,1,17,,41276112,1
